connection_id,station_id,feeder_train_id,connecting_train_id,min_transfer_buffer_min
C0001,S08,T002,T007,6
C0002,S08,T002,T018,8
C0003,S08,T002,T020,9
C0004,S08,T002,T023,15
C0005,S08,T002,T027,12
C0006,S08,T005,T006,6
C0007,S08,T005,T012,6
C0008,S08,T005,T013,12
C0009,S08,T005,T014,13
C0010,S08,T006,T011,13
C0011,S08,T006,T013,15
C0012,S08,T006,T017,6
C0013,S08,T006,T019,16
C0014,S08,T007,T006,6
C0015,S08,T007,T013,15
C0016,S08,T007,T015,14
C0017,S08,T007,T018,15
C0018,S08,T007,T027,17
C0019,S08,T009,T017,11
C0020,S08,T009,T020,11
C0021,S08,T009,T024,14
C0022,S08,T009,T025,14
C0023,S08,T009,T027,10
C0024,S08,T010,T002,15
C0025,S08,T010,T003,10
C0026,S08,T010,T022,15
C0027,S08,T011,T025,10
C0028,S08,T011,T026,12
C0029,S08,T011,T027,14
C0030,S08,T012,T005,10
C0031,S08,T012,T009,12
C0032,S08,T013,T002,12
C0033,S08,T013,T012,14
C0034,S08,T013,T014,7
C0035,S08,T013,T015,11
C0036,S08,T013,T017,12
C0037,S08,T013,T019,9
C0038,S08,T013,T020,13
C0039,S08,T013,T023,13
C0040,S08,T014,T003,10
C0041,S08,T014,T005,18
C0042,S08,T014,T022,6
C0043,S08,T015,T002,5
C0044,S08,T017,T006,16
C0045,S08,T017,T011,19
C0046,S08,T017,T012,6
C0047,S08,T017,T024,17
C0048,S08,T018,T007,9
C0049,S08,T018,T011,19
C0050,S08,T018,T012,12
C0051,S08,T018,T020,6
C0052,S08,T019,T005,18
C0053,S08,T019,T013,11
C0054,S08,T019,T027,12
C0055,S08,T020,T005,10
C0056,S08,T020,T014,11
C0057,S08,T020,T022,11
C0058,S08,T020,T025,15
C0059,S08,T022,T010,16
C0060,S08,T022,T011,9
C0061,S08,T022,T015,11
C0062,S08,T022,T023,19
C0063,S08,T023,T003,5
C0064,S08,T023,T011,13
C0065,S08,T024,T013,13
C0066,S08,T024,T017,18
C0067,S08,T024,T022,12
C0068,S08,T024,T026,9
C0069,S08,T025,T005,12
C0070,S08,T025,T011,19
C0071,S08,T025,T018,11
C0072,S08,T025,T020,8
C0073,S08,T025,T022,8
C0074,S08,T026,T003,16
C0075,S08,T026,T006,10
C0076,S08,T026,T009,8
C0077,S08,T026,T025,17
C0078,S08,T026,T027,12
C0079,S08,T027,T007,15
